Picarro Gas: time (epoch),Picarro Gas: CO2,Picarro Gas: CH4,Picarro Gas: CO,Picarro Gas: H2O,Laser Distance Sensor: time (epoch),Laser Distance Sensor: Distance (cm),Laser Distance Sensor: Temperature (C),Abakus Particle Counter: time (epoch),Abakus Particle Counter: Total Counts,Flowmeter: time (epoch),Flowmeter: SLI2000 (uL/min),Flowmeter: SLS1500 (mL/min)
1726250604.2453954,-0.99,-0.001,-0.006,0.021,1726250604.2453954,1.01,-2.3,1726250604.2441003,0,1726250604.244754,-0.8,-0.008
1726250605.088628,-0.99,-0.001,-0.006,0.021,1726250605.087595,1.01,-2.3,1726250605.0855958,0,1726250605.087595,-0.8,-0.008
1726250605.8895302,-0.99,-0.001,-0.006,0.021,1726250605.8895302,1.01,-2.3,1726250605.8875134,0,1726250605.8885655,-0.8,-0.008
1726250606.673855,-0.99,-0.001,-0.006,0.021,1726250606.6728566,1.01,-2.3,1726250606.671839,0,1726250606.6728566,-0.8,-0.008
1726250607.4667528,-0.99,-0.001,-0.006,0.021,1726250607.4658265,1.01,-2.3,1726250607.463815,0,1726250607.4658265,-0.8,-0.008
1726250608.2657564,-0.99,-0.001,-0.006,0.021,1726250608.2657564,1.01,-2.3,1726250608.2637599,0,1726250608.2648103,-0.8,-0.008
1726250609.0725393,-0.99,-0.001,-0.006,0.021,1726250609.0715392,1.01,-2.3,1726250609.0676217,0,1726250609.0705948,-0.8,-0.008
1726250609.8974566,-0.99,-0.001,-0.006,0.021,1726250609.8964105,1.01,-2.3,1726250609.8953865,0,1726250609.8964105,-0.8,-0.008
1726250610.6945632,-0.99,-0.001,-0.006,0.021,1726250610.6935346,1.01,-2.3,1726250610.6926062,0,1726250610.6935346,-0.8,-0.008
1726250611.4793622,-0.99,-0.001,-0.006,0.021,1726250611.4793622,1.01,-2.3,1726250611.4773614,0,1726250611.4783778,-0.8,-0.008
1726250612.2896605,-0.99,-0.001,-0.006,0.021,1726250612.2896605,1.01,-2.3,1726250612.287555,0,1726250612.2885876,-0.8,-0.008
1726250613.0955954,-0.99,-0.001,-0.006,0.021,1726250613.0945253,1.01,-2.3,1726250613.092587,0,1726250613.0945253,-0.8,-0.008
1726250613.8896604,-0.99,-0.001,-0.006,0.021,1726250613.8886228,1.01,-2.3,1726250613.8855522,0,1726250613.887619,-0.8,-0.008
1726250614.683152,-0.99,-0.001,-0.006,0.021,1726250614.6822221,1.01,-2.3,1726250614.6801543,0,1726250614.6822221,-0.8,-0.008
1726250615.4654503,-0.99,-0.001,-0.006,0.021,1726250615.4644256,1.01,-2.3,1726250615.4623668,0,1726250615.4644256,-0.8,-0.008
1726250616.2574968,-0.99,-0.001,-0.006,0.021,1726250616.2574968,1.01,-2.3,1726250616.2554963,0,1726250616.256497,-0.8,-0.008
1726250617.0923378,-0.99,-0.001,-0.006,0.021,1726250617.0913227,1.01,-2.3,1726250617.0903122,0,1726250617.0913227,-0.8,-0.008
1726250617.8931212,-0.99,-0.001,-0.006,0.021,1726250617.8931212,1.01,-2.3,1726250617.8911216,0,1726250617.8921356,-0.8,-0.008
1726250618.7061245,-0.99,-0.001,-0.006,0.021,1726250618.7050622,1.01,-2.3,1726250618.7040615,0,1726250618.7050622,-0.8,-0.008
1726250619.5184202,-0.99,-0.001,-0.006,0.021,1726250619.5184202,1.01,-2.3,1726250619.516405,0,1726250619.5174208,-0.8,-0.008
1726250620.3403654,-0.99,-0.001,-0.006,0.021,1726250620.3391066,1.01,-2.3,1726250620.3372004,0,1726250620.3391066,-0.8,-0.008
1726250621.1486604,-0.99,-0.001,-0.006,0.021,1726250621.1486604,1.01,-2.3,1726250621.1466615,0,1726250621.1477215,-0.8,-0.008
1726250621.955983,-0.99,-0.001,-0.006,0.021,1726250621.955983,1.01,-2.3,1726250621.952964,0,1726250621.9550877,-0.8,-0.008
1726252331.6769168,-0.99,-0.001,-0.006,0.021,1726252331.675956,1.01,-2.3,1726252331.6739178,0,1726252331.675956,-0.8,-0.008
1726252332.5700145,-0.99,-0.001,-0.006,0.021,1726252332.5700145,1.01,-2.3,1726252332.5680084,0,1726252332.5690072,-0.8,-0.008
1726252333.46995,-0.99,-0.001,-0.006,0.021,1726252333.468953,1.01,-2.3,1726252333.4680133,0,1726252333.468953,-0.8,-0.008
1726252334.2717347,-0.99,-0.001,-0.006,0.021,1726252334.2717347,1.01,-2.3,1726252334.2696981,0,1726252334.2706943,-0.8,-0.008
1726252335.0773702,-0.99,-0.001,-0.006,0.021,1726252335.0763664,1.01,-2.3,1726252335.075363,0,1726252335.0763664,-0.8,-0.008
1726252337.940714,-0.99,-0.001,-0.006,0.021,1726252337.9396431,1.01,-2.3,1726252337.9386098,0,1726252337.9396431,-0.8,-0.008
1726252338.784119,-0.99,-0.001,-0.006,0.021,1726252338.7831593,1.01,-2.3,1726252338.7811244,0,1726252338.7831593,-0.8,-0.008
1726252339.6144173,-0.99,-0.001,-0.006,0.021,1726252339.6134503,1.01,-2.3,1726252339.61042,0,1726252339.6123729,-0.8,-0.008
1726252340.4288955,-0.99,-0.001,-0.006,0.021,1726252340.427868,1.01,-2.3,1726252340.4259372,0,1726252340.42695,-0.8,-0.008
1726252341.221476,-0.99,-0.001,-0.006,0.021,1726252341.221476,1.01,-2.3,1726252341.2204418,0,1726252341.221476,-0.8,-0.008
1726252342.0083416,-0.99,-0.001,-0.006,0.021,1726252342.0072906,1.01,-2.3,1726252342.0063303,0,1726252342.0072906,-0.8,-0.008
1726252342.7985666,-0.99,-0.001,-0.006,0.021,1726252342.798062,1.01,-2.3,1726252342.7948678,0,1726252342.7978678,-0.8,-0.008
1726252343.6230013,-0.99,-0.001,-0.006,0.021,1726252343.6230013,1.01,-2.3,1726252343.6210449,0,1726252343.6219566,-0.8,-0.008
1726252344.402205,-0.99,-0.001,-0.006,0.021,1726252344.402205,1.01,-2.3,1726252344.40123,0,1726252344.40123,-0.8,-0.008
1726252345.1851056,-0.99,-0.001,-0.006,0.021,1726252345.1851056,1.01,-2.3,1726252345.1831727,0,1726252345.1841388,-0.8,-0.008
1726252346.0053923,-0.99,-0.001,-0.006,0.021,1726252346.0053923,1.01,-2.3,1726252346.0033875,0,1726252346.0043926,-0.8,-0.008
1726252346.7988422,-0.99,-0.001,-0.006,0.021,1726252346.7988422,1.01,-2.3,1726252346.7968395,0,1726252346.7978852,-0.8,-0.008
1726260538.2914908,-0.99,-0.001,-0.006,0.021,1726260538.2904694,1.01,-2.3,1726260538.2875648,0,1726260538.2899113,-0.8,-0.0081726260539.3380816,-0.99,-0.001,-0.006,0.021,1726260539.3363802,1.01,-2.3,1726260539.3329177,0,1726260539.335258,-0.8,-0.0081726260540.3999455,-0.99,-0.001,-0.006,0.021,1726260540.3999455,1.01,-2.3,1726260540.3976467,0,1726260540.3989046,-0.8,-0.0081726260541.36908,-0.99,-0.001,-0.006,0.021,1726260541.3681066,1.01,-2.3,1726260541.3651505,0,1726260541.3670268,-0.8,-0.0081726260542.3290815,-0.99,-0.001,-0.006,0.021,1726260542.328079,1.01,-2.3,1726260542.3260856,0,1726260542.328079,-0.8,-0.0081726260543.261478,-0.99,-0.001,-0.006,0.021,1726260543.26051,1.01,-2.3,1726260543.2595098,0,1726260543.26051,-0.8,-0.0081726260544.2050354,-0.99,-0.001,-0.006,0.021,1726260544.2050354,1.01,-2.3,1726260544.2007704,0,1726260544.2037718,-0.8,-0.0081726260545.26601,-0.99,-0.001,-0.006,0.021,1726260545.2653942,1.01,-2.3,1726260545.2644663,0,1726260545.2653942,-0.8,-0.0081726260546.3160846,-0.99,-0.001,-0.006,0.021,1726260546.3160846,1.01,-2.3,1726260546.3145201,0,1726260546.3150685,-0.8,-0.0081726260547.2633004,-0.99,-0.001,-0.006,0.021,1726260547.2633004,1.01,-2.3,1726260547.2616599,0,1726260547.2625546,-0.8,-0.0081726260548.5232277,-0.99,-0.001,-0.006,0.021,1726260548.5221689,1.01,-2.3,1726260548.5174384,0,1726260548.5206535,-0.8,-0.0081726260549.5407262,-0.99,-0.001,-0.006,0.021,1726260549.539672,1.01,-2.3,1726260549.5351226,0,1726260549.5385315,-0.8,-0.0081726260550.704945,-0.99,-0.001,-0.006,0.021,1726260550.7040238,1.01,-2.3,1726260550.700129,0,1726260550.7021394,-0.8,-0.0081726260551.6243758,-0.99,-0.001,-0.006,0.021,1726260551.6243758,1.01,-2.3,1726260551.6231098,0,1726260551.6235626,-0.8,-0.0081726260552.5440717,-0.99,-0.001,-0.006,0.021,1726260552.543804,1.01,-2.3,1726260552.5426736,0,1726260552.5435398,-0.8,-0.0081726260553.7309408,-0.99,-0.001,-0.006,0.021,1726260553.7298808,1.01,-2.3,1726260553.7282207,0,1726260553.7298808,-0.8,-0.0081726260554.660807,-0.99,-0.001,-0.006,0.021,1726260554.6603894,1.01,-2.3,1726260554.658193,0,1726260554.659711,-0.8,-0.0081726260555.7068717,-0.99,-0.001,-0.006,0.021,1726260555.7058718,1.01,-2.3,1726260555.7048428,0,1726260555.7058718,-0.8,-0.0081726260556.6922588,-0.99,-0.001,-0.006,0.021,1726260556.690954,1.01,-2.3,1726260556.68895,0,1726260556.690954,-0.8,-0.0081726260557.6294513,-0.99,-0.001,-0.006,0.021,1726260557.6284475,1.01,-2.3,1726260557.6264932,0,1726260557.6284475,-0.8,-0.0081726260558.534181,-0.99,-0.001,-0.006,0.021,1726260558.534181,1.01,-2.3,1726260558.5326655,0,1726260558.533922,-0.8,-0.0081726260559.4628668,-0.99,-0.001,-0.006,0.021,1726260559.4622533,1.01,-2.3,1726260559.4615688,0,1726260559.4622533,-0.8,-0.0081726260560.4360232,-0.99,-0.001,-0.006,0.021,1726260560.4341123,1.01,-2.3,1726260560.4330714,0,1726260560.4341123,-0.8,-0.0081726260561.3969378,-0.99,-0.001,-0.006,0.021,1726260561.3965824,1.01,-2.3,1726260561.3950799,0,1726260561.3962924,-0.8,-0.0081726260562.2985663,-0.99,-0.001,-0.006,0.021,1726260562.2982643,1.01,-2.3,1726260562.296532,0,1726260562.2979922,-0.8,-0.0081726260563.292971,-0.99,-0.001,-0.006,0.021,1726260563.2923827,1.01,-2.3,1726260563.2902918,0,1726260563.2912996,-0.8,-0.0081726260564.2055943,-0.99,-0.001,-0.006,0.021,1726260564.2055943,1.01,-2.3,1726260564.2015662,0,1726260564.204938,-0.8,-0.0081726260565.1760156,-0.99,-0.001,-0.006,0.021,1726260565.1757514,1.01,-2.3,1726260565.1739535,0,1726260565.1751516,-0.8,-0.0081726260566.1652386,-0.99,-0.001,-0.006,0.021,1726260566.1643853,1.01,-2.3,1726260566.1633894,0,1726260566.1643853,-0.8,-0.0081726260567.0800245,-0.99,-0.001,-0.006,0.021,1726260567.0797474,1.01,-2.3,1726260567.0784054,0,1726260567.0790997,-0.8,-0.0081726260567.975446,-0.99,-0.001,-0.006,0.021,1726260567.9751751,1.01,-2.3,1726260567.973646,0,1726260567.9745874,-0.8,-0.0081726260568.8796606,-0.99,-0.001,-0.006,0.021,1726260568.8796606,1.01,-2.3,1726260568.87824,0,1726260568.8793883,-0.8,-0.0081726260569.8038933,-0.99,-0.001,-0.006,0.021,1726260569.801892,1.01,-2.3,1726260569.8002431,0,1726260569.8008208,-0.8,-0.0081726260570.7915857,-0.99,-0.001,-0.006,0.021,1726260570.790632,1.01,-2.3,1726260570.7888114,0,1726260570.789372,-0.8,-0.0081726260571.6800356,-0.99,-0.001,-0.006,0.021,1726260571.6794355,1.01,-2.3,1726260571.6775105,0,1726260571.6794355,-0.8,-0.0081726260572.6016624,-0.99,-0.001,-0.006,0.021,1726260572.6006262,1.01,-2.3,1726260572.5996535,0,1726260572.6006262,-0.8,-0.0081726260573.5489113,-0.99,-0.001,-0.006,0.021,1726260573.5486255,1.01,-2.3,1726260573.5475597,0,1726260573.5480204,-0.8,-0.0081726260574.477718,-0.99,-0.001,-0.006,0.021,1726260574.477665,1.01,-2.3,1726260574.476346,0,1726260574.4770124,-0.8,-0.0081726260575.4336925,-0.99,-0.001,-0.006,0.021,1726260575.4330592,1.01,-2.3,1726260575.4310262,0,1726260575.4320548,-0.8,-0.0081726260576.5233192,-0.99,-0.001,-0.006,0.021,1726260576.522229,1.01,-2.3,1726260576.519287,0,1726260576.522229,-0.8,-0.0081726260577.5102966,-0.99,-0.001,-0.006,0.021,1726260577.5102966,1.01,-2.3,1726260577.5081885,0,1726260577.509481,-0.8,-0.0081726260578.4235563,-0.99,-0.001,-0.006,0.021,1726260578.4235563,1.01,-2.3,1726260578.4214182,0,1726260578.422911,-0.8,-0.0081726260579.3311021,-0.99,-0.001,-0.006,0.021,1726260579.3301356,1.01,-2.3,1726260579.328287,0,1726260579.3301356,-0.8,-0.0081726260580.444503,-0.99,-0.001,-0.006,0.021,1726260580.444503,1.01,-2.3,1726260580.4428592,0,1726260580.4437144,-0.8,-0.0081726260581.4150262,-0.99,-0.001,-0.006,0.021,1726260581.41361,1.01,-2.3,1726260581.4126163,0,1726260581.41361,-0.8,-0.0081726260582.3570578,-0.99,-0.001,-0.006,0.021,1726260582.3565905,1.01,-2.3,1726260582.3545449,0,1726260582.3554416,-0.8,-0.0081726260583.4330845,-0.99,-0.001,-0.006,0.021,1726260583.4320605,1.01,-2.3,1726260583.4298382,0,1726260583.431014,-0.8,-0.0081726260584.4579723,-0.99,-0.001,-0.006,0.021,1726260584.4579723,1.01,-2.3,1726260584.4571123,0,1726260584.4579723,-0.8,-0.0081726260585.3687592,-0.99,-0.001,-0.006,0.021,1726260585.3687592,1.01,-2.3,1726260585.3667877,0,1726260585.367841,-0.8,-0.0081726260586.470861,-0.99,-0.001,-0.006,0.021,1726260586.469164,1.01,-2.3,1726260586.4657495,0,1726260586.4681838,-0.8,-0.0081726260587.580597,-0.99,-0.001,-0.006,0.021,1726260587.580597,1.01,-2.3,1726260587.5796757,0,1726260587.580597,-0.8,-0.0081726260589.3284812,-0.99,-0.001,-0.006,0.021,1726260589.3284812,1.01,-2.3,1726260589.325739,0,1726260589.327457,-0.8,-0.0081726260591.1524017,-0.99,-0.001,-0.006,0.021,1726260591.1514368,1.01,-2.3,1726260591.1504068,0,1726260591.1514368,-0.8,-0.0081726260592.1622186,-0.99,-0.001,-0.006,0.021,1726260592.1615448,1.01,-2.3,1726260592.1599014,0,1726260592.1615448,-0.8,-0.0081726260593.106556,-0.99,-0.001,-0.006,0.021,1726260593.1058805,1.01,-2.3,1726260593.1039922,0,1726260593.1058805,-0.8,-0.0081726260594.136403,-0.99,-0.001,-0.006,0.021,1726260594.1353931,1.01,-2.3,1726260594.1333961,0,1726260594.1343563,-0.8,-0.0081726260595.1234965,-0.99,-0.001,-0.006,0.021,1726260595.1234965,1.01,-2.3,1726260595.1207352,0,1726260595.122478,-0.8,-0.0081726260596.1297677,-0.99,-0.001,-0.006,0.021,1726260596.1290889,1.01,-2.3,1726260596.1277406,0,1726260596.1290889,-0.8,-0.0081726260597.2299452,-0.99,-0.001,-0.006,0.021,1726260597.2289042,1.01,-2.3,1726260597.2276578,0,1726260597.2289042,-0.8,-0.0081726260598.1760569,-0.99,-0.001,-0.006,0.021,1726260598.1760569,1.01,-2.3,1726260598.1749034,0,1726260598.1757288,-0.8,-0.0081726260599.1035907,-0.99,-0.001,-0.006,0.021,1726260599.1025152,1.01,-2.3,1726260599.100326,0,1726260599.101481,-0.8,-0.0081726260600.0408835,-0.99,-0.001,-0.006,0.021,1726260600.0406384,1.01,-2.3,1726260600.0392332,0,1726260600.039958,-0.8,-0.0081726260601.0136764,-0.99,-0.001,-0.006,0.021,1726260601.012928,1.01,-2.3,1726260601.0119624,0,1726260601.012928,-0.8,-0.0081726260601.916218,-0.99,-0.001,-0.006,0.021,1726260601.9159498,1.01,-2.3,1726260601.9144034,0,1726260601.9153192,-0.8,-0.0081726260602.8565543,-0.99,-0.001,-0.006,0.021,1726260602.8553123,1.01,-2.3,1726260602.8503153,0,1726260602.8531792,-0.8,-0.0081726260603.7555168,-0.99,-0.001,-0.006,0.021,1726260603.7555168,1.01,-2.3,1726260603.7515802,0,1726260603.7545319,-0.8,-0.0081726260604.6664436,-0.99,-0.001,-0.006,0.021,1726260604.6664436,1.01,-2.3,1726260604.6648118,0,1726260604.6661673,-0.8,-0.0081726260605.5740912,-0.99,-0.001,-0.006,0.021,1726260605.573803,1.01,-2.3,1726260605.5728185,0,1726260605.573164,-0.8,-0.0081726260606.4793777,-0.99,-0.001,-0.006,0.021,1726260606.4793777,1.01,-2.3,1726260606.4774055,0,1726260606.4783792,-0.8,-0.0081726260607.402435,-0.99,-0.001,-0.006,0.021,1726260607.401398,1.01,-2.3,1726260607.3999894,0,1726260607.401398,-0.8,-0.0081726260608.3741963,-0.99,-0.001,-0.006,0.021,1726260608.3732343,1.01,-2.3,1726260608.3732343,0,1726260608.3732343,-0.8,-0.0081726260609.3054714,-0.99,-0.001,-0.006,0.021,1726260609.3042839,1.01,-2.3,1726260609.3013568,0,1726260609.3033855,-0.8,-0.0081726260610.2639556,-0.99,-0.001,-0.006,0.021,1726260610.2629445,1.01,-2.3,1726260610.2619424,0,1726260610.2629445,-0.8,-0.0081726260611.1838088,-0.99,-0.001,-0.006,0.021,1726260611.182742,1.01,-2.3,1726260611.1814582,0,1726260611.182742,-0.8,-0.0081726260612.0915167,-0.99,-0.001,-0.006,0.021,1726260612.0915167,1.01,-2.3,1726260612.0895243,0,1726260612.0905192,-0.8,-0.0081726260612.9897552,-0.99,-0.001,-0.006,0.021,1726260612.9897552,1.01,-2.3,1726260612.9861646,0,1726260612.9894018,-0.8,-0.0081726260613.8821473,-0.99,-0.001,-0.006,0.021,1726260613.8814225,1.01,-2.3,1726260613.8804426,0,1726260613.8811464,-0.8,-0.0081726260614.7899537,-0.99,-0.001,-0.006,0.021,1726260614.7889814,1.01,-2.3,1726260614.7847629,0,1726260614.7869904,-0.8,-0.0081726260615.7450955,-0.99,-0.001,-0.006,0.021,1726260615.7450955,1.01,-2.3,1726260615.744146,0,1726260615.7448301,-0.8,-0.0081726260616.7340453,-0.99,-0.001,-0.006,0.021,1726260616.7337894,1.01,-2.3,1726260616.7324657,0,1726260616.733184,-0.8,-0.0081726260617.7016227,-0.99,-0.001,-0.006,0.021,1726260617.701371,1.01,-2.3,1726260617.7002373,0,1726260617.7007515,-0.8,-0.0081726260618.6581066,-0.99,-0.001,-0.006,0.021,1726260618.6569684,1.01,-2.3,1726260618.652709,0,1726260618.6555672,-0.8,-0.0081726260619.6573172,-0.99,-0.001,-0.006,0.021,1726260619.6563141,1.01,-2.3,1726260619.6548066,0,1726260619.6563141,-0.8,-0.0081726260620.6351018,-0.99,-0.001,-0.006,0.021,1726260620.634856,1.01,-2.3,1726260620.6332307,0,1726260620.634571,-0.8,-0.0081726260621.5517383,-0.99,-0.001,-0.006,0.021,1726260621.5517383,1.01,-2.3,1726260621.550729,0,1726260621.550729,-0.8,-0.0081726260622.53994,-0.99,-0.001,-0.006,0.021,1726260622.5392613,1.01,-2.3,1726260622.5373795,0,1726260622.5392613,-0.8,-0.0081726260623.5249116,-0.99,-0.001,-0.006,0.021,1726260623.5249116,1.01,-2.3,1726260623.522554,0,1726260623.524054,-0.8,-0.0081726260624.4407346,-0.99,-0.001,-0.006,0.021,1726260624.4404674,1.01,-2.3,1726260624.438802,0,1726260624.4398274,-0.8,-0.0081726260625.360458,-0.99,-0.001,-0.006,0.021,1726260625.3601685,1.01,-2.3,1726260625.3584685,0,1726260625.359521,-0.8,-0.0081726260626.2833085,-0.99,-0.001,-0.006,0.021,1726260626.2822182,1.01,-2.3,1726260626.279211,0,1726260626.281489,-0.8,-0.0081726260627.2832925,-0.99,-0.001,-0.006,0.021,1726260627.2812393,1.01,-2.3,1726260627.2795663,0,1726260627.280723,-0.8,-0.0081726260628.2600353,-0.99,-0.001,-0.006,0.021,1726260628.2590916,1.01,-2.3,1726260628.258057,0,1726260628.2590916,-0.8,-0.0081726260629.1963487,-0.99,-0.001,-0.006,0.021,1726260629.1960273,1.01,-2.3,1726260629.1950803,0,1726260629.1954322,-0.8,-0.0081726260630.1564353,-0.99,-0.001,-0.006,0.021,1726260630.1552918,1.01,-2.3,1726260630.1510901,0,1726260630.1540244,-0.8,-0.0081726260631.068883,-0.99,-0.001,-0.006,0.021,1726260631.068883,1.01,-2.3,1726260631.0668447,0,1726260631.0683641,-0.8,-0.0081726260632.0172071,-0.99,-0.001,-0.006,0.021,1726260632.0166116,1.01,-2.3,1726260632.015842,0,1726260632.0166116,-0.8,-0.0081726260632.9411037,-0.99,-0.001,-0.006,0.021,1726260632.940534,1.01,-2.3,1726260632.9361715,0,1726260632.9393232,-0.8,-0.0081726260633.9104567,-0.99,-0.001,-0.006,0.021,1726260633.9104567,1.01,-2.3,1726260633.9090652,0,1726260633.9102013,-0.8,-0.0081726260634.8950238,-0.99,-0.001,-0.006,0.021,1726260634.8950238,1.01,-2.3,1726260634.892658,0,1726260634.8944077,-0.8,-0.0081726260635.8383517,-0.99,-0.001,-0.006,0.021,1726260635.835348,1.01,-2.3,1726260635.834404,0,1726260635.835348,-0.8,-0.0081726260636.8216448,-0.99,-0.001,-0.006,0.021,1726260636.8206303,1.01,-2.3,1726260636.8183134,0,1726260636.819711,-0.8,-0.0081726260637.754657,-0.99,-0.001,-0.006,0.021,1726260637.7525783,1.01,-2.3,1726260637.7503657,0,1726260637.751734,-0.8,-0.0081726260638.7395377,-0.99,-0.001,-0.006,0.021,1726260638.7391973,1.01,-2.3,1726260638.735199,0,1726260638.7381952,-0.8,-0.0081726260639.650021,-0.99,-0.001,-0.006,0.021,1726260639.649761,1.01,-2.3,1726260639.6484275,0,1726260639.6491528,-0.8,-0.0081726260640.6097326,-0.99,-0.001,-0.006,0.021,1726260640.6091866,1.01,-2.3,1726260640.605962,0,1726260640.608059,-0.8,-0.0081726260641.52985,-0.99,-0.001,-0.006,0.021,1726260641.52985,1.01,-2.3,1726260641.5281074,0,1726260641.5291848,-0.8,-0.0081726260642.5225618,-0.99,-0.001,-0.006,0.021,1726260642.5225618,1.01,-2.3,1726260642.518657,0,1726260642.521563,-0.8,-0.0081726260643.4684107,-0.99,-0.001,-0.006,0.021,1726260643.4684107,1.01,-2.3,1726260643.4664173,0,1726260643.4674187,-0.8,-0.0081726260644.3837843,-0.99,-0.001,-0.006,0.021,1726260644.3831682,1.01,-2.3,1726260644.3815243,0,1726260644.3831682,-0.8,-0.0081726260645.3180606,-0.99,-0.001,-0.006,0.021,1726260645.3176208,1.01,-2.3,1726260645.3148863,0,1726260645.3168402,-0.8,-0.0081726260646.28487,-0.99,-0.001,-0.006,0.021,1726260646.283592,1.01,-2.3,1726260646.2811346,0,1726260646.282455,-0.8,-0.0081726260647.2622533,-0.99,-0.001,-0.006,0.021,1726260647.2622533,1.01,-2.3,1726260647.2612684,0,1726260647.2622533,-0.8,-0.0081726260648.2434156,-0.99,-0.001,-0.006,0.021,1726260648.2431328,1.01,-2.3,1726260648.2421725,0,1726260648.2425203,-0.8,-0.0081726260649.2231843,-0.99,-0.001,-0.006,0.021,1726260649.2221868,1.01,-2.3,1726260649.2182882,0,1726260649.221277,-0.8,-0.0081726260650.2228277,-0.99,-0.001,-0.006,0.021,1726260650.221832,1.01,-2.3,1726260650.2188332,0,1726260650.2208521,-0.8,-0.0081726260651.124368,-0.99,-0.001,-0.006,0.021,1726260651.1233113,1.01,-2.3,1726260651.1201756,0,1726260651.1221719,-0.8,-0.0081726260652.076539,-0.99,-0.001,-0.006,0.021,1726260652.076539,1.01,-2.3,1726260652.0754623,0,1726260652.075807,-0.8,-0.0081726260653.0062535,-0.99,-0.001,-0.006,0.021,1726260653.003716,1.01,-2.3,1726260653.0010545,0,1726260653.0020454,-0.8,-0.0081726260653.9213908,-0.99,-0.001,-0.006,0.021,1726260653.919335,1.01,-2.3,1726260653.9177804,0,1726260653.9183238,-0.8,-0.0081726260654.8247213,-0.99,-0.001,-0.006,0.021,1726260654.8247213,1.01,-2.3,1726260654.8230512,0,1726260654.82357,-0.8,-0.0081726260655.729152,-0.99,-0.001,-0.006,0.021,1726260655.728894,1.01,-2.3,1726260655.7270923,0,1726260655.7282357,-0.8,-0.0081726260656.651615,-0.99,-0.001,-0.006,0.021,1726260656.651615,1.01,-2.3,1726260656.6501534,0,1726260656.6513524,-0.8,-0.0081726260657.5747988,-0.99,-0.001,-0.006,0.021,1726260657.5747988,1.01,-2.3,1726260657.5729837,0,1726260657.57371,-0.8,-0.0081726260658.492371,-0.99,-0.001,-0.006,0.021,1726260658.4918175,1.01,-2.3,1726260658.4900231,0,1726260658.4908295,-0.8,-0.0081726260659.4297876,-0.99,-0.001,-0.006,0.021,1726260659.4294868,1.01,-2.3,1726260659.4283168,0,1726260659.4288535,-0.8,-0.0081726260660.3919501,-0.99,-0.001,-0.006,0.021,1726260660.3913362,1.01,-2.3,1726260660.388227,0,1726260660.3907754,-0.8,-0.0081726260661.3962235,-0.99,-0.001,-0.006,0.021,1726260661.395349,1.01,-2.3,1726260661.3923352,0,1726260661.3943489,-0.8,-0.0081726260662.3225784,-0.99,-0.001,-0.006,0.021,1726260662.3225784,1.01,-2.3,1726260662.3180823,0,1726260662.3205435,-0.8,-0.0081726260663.3408773,-0.99,-0.001,-0.006,0.021,1726260663.3408773,1.01,-2.3,1726260663.337177,0,1726260663.340224,-0.8,-0.0081726260664.2736533,-0.99,-0.001,-0.006,0.021,1726260664.2736533,1.01,-2.3,1726260664.271821,0,1726260664.2736533,-0.8,-0.0081726260665.1955717,-0.99,-0.001,-0.006,0.021,1726260665.1951842,1.01,-2.3,1726260665.192095,0,1726260665.1941164,-0.8,-0.0081726260666.1096296,-0.99,-0.001,-0.006,0.021,1726260666.1096296,1.01,-2.3,1726260666.1083765,0,1726260666.1093132,-0.8,-0.0081726260667.0656335,-0.99,-0.001,-0.006,0.021,1726260667.0653615,1.01,-2.3,1726260667.0641587,0,1726260667.065085,-0.8,-0.0081726260667.9827695,-0.99,-0.001,-0.006,0.021,1726260667.9821727,1.01,-2.3,1726260667.9796627,0,1726260667.981144,-0.8,-0.0081726260668.895356,-0.99,-0.001,-0.006,0.021,1726260668.8948066,1.01,-2.3,1726260668.8924794,0,1726260668.8931298,-0.8,-0.0081726260669.8065476,-0.99,-0.001,-0.006,0.021,1726260669.8055615,1.01,-2.3,1726260669.801564,0,1726260669.8035514,-0.8,-0.0081726260670.7225716,-0.99,-0.001,-0.006,0.021,1726260670.7205894,1.01,-2.3,1726260670.7183378,0,1726260670.719501,-0.8,-0.0081726260671.6954112,-0.99,-0.001,-0.006,0.021,1726260671.6947842,1.01,-2.3,1726260671.6939394,0,1726260671.6947842,-0.8,-0.0081726260672.603225,-0.99,-0.001,-0.006,0.021,1726260672.6021912,1.01,-2.3,1726260672.6010644,0,1726260672.6021912,-0.8,-0.0081726260673.580739,-0.99,-0.001,-0.006,0.021,1726260673.580739,1.01,-2.3,1726260673.5788634,0,1726260673.5797906,-0.8,-0.0081726260674.506699,-0.99,-0.001,-0.006,0.021,1726260674.505688,1.01,-2.3,1726260674.5017624,0,1726260674.5047064,-0.8,-0.0081726260675.4023266,-0.99,-0.001,-0.006,0.021,1726260675.4023266,1.01,-2.3,1726260675.4010787,0,1726260675.4020345,-0.8,-0.0081726260676.323096,-0.99,-0.001,-0.006,0.021,1726260676.323096,1.01,-2.3,1726260676.3194268,0,1726260676.3214355,-0.8,-0.0081726260677.26968,-0.99,-0.001,-0.006,0.021,1726260677.2686605,1.01,-2.3,1726260677.2675636,0,1726260677.2686605,-0.8,-0.0081726260678.265378,-0.99,-0.001,-0.006,0.021,1726260678.2650952,1.01,-2.3,1726260678.263024,0,1726260678.2641187,-0.8,-0.0081726260679.2745924,-0.99,-0.001,-0.006,0.021,1726260679.273929,1.01,-2.3,1726260679.2727175,0,1726260679.273929,-0.8,-0.0081726260680.191354,-0.99,-0.001,-0.006,0.021,1726260680.19047,1.01,-2.3,1726260680.1890056,0,1726260680.19047,-0.8,-0.0081726260681.0991895,-0.99,-0.001,-0.006,0.021,1726260681.098906,1.01,-2.3,1726260681.0978932,0,1726260681.0982661,-0.8,-0.0081726260682.0139382,-0.99,-0.001,-0.006,0.021,1726260682.01292,1.01,-2.3,1726260682.0115068,0,1726260682.01292,-0.8,-0.0081726260682.9185202,-0.99,-0.001,-0.006,0.021,1726260682.9185202,1.01,-2.3,1726260682.9171257,0,1726260682.9182663,-0.8,-0.0081726260683.8669317,-0.99,-0.001,-0.006,0.021,1726260683.8669317,1.01,-2.3,1726260683.8660018,0,1726260683.8666825,-0.8,-0.0081726260684.8271248,-0.99,-0.001,-0.006,0.021,1726260684.8268414,1.01,-2.3,1726260684.8249104,0,1726260684.8258424,-0.8,-0.0081726260685.823422,-0.99,-0.001,-0.006,0.021,1726260685.8224354,1.01,-2.3,1726260685.819235,0,1726260685.8214643,-0.8,-0.0081726260686.7721803,-0.99,-0.001,-0.006,0.021,1726260686.7712266,1.01,-2.3,1726260686.767518,0,1726260686.7693877,-0.8,-0.0081726260687.7494137,-0.99,-0.001,-0.006,0.021,1726260687.74844,1.01,-2.3,1726260687.7474775,0,1726260687.74844,-0.8,-0.0081726260688.7499068,-0.99,-0.001,-0.006,0.021,1726260688.7499068,1.01,-2.3,1726260688.7479095,0,1726260688.7489374,-0.8,-0.0081726260689.7534833,-0.99,-0.001,-0.006,0.021,1726260689.7534833,1.01,-2.3,1726260689.751534,0,1726260689.752397,-0.8,-0.0081726260690.7987194,-0.99,-0.001,-0.006,0.021,1726260690.797586,1.01,-2.3,1726260690.796545,0,1726260690.797586,-0.8,-0.0081726260691.7078075,-0.99,-0.001,-0.006,0.021,1726260691.707203,1.01,-2.3,1726260691.7062445,0,1726260691.707203,-0.8,-0.0081726260692.7307205,-0.99,-0.001,-0.006,0.021,1726260692.7304423,1.01,-2.3,1726260692.7290485,0,1726260692.7297764,-0.8,-0.0081726260693.774577,-0.99,-0.001,-0.006,0.021,1726260693.773524,1.01,-2.3,1726260693.7722182,0,1726260693.773524,-0.8,-0.0081726260694.674757,-0.99,-0.001,-0.006,0.021,1726260694.6744845,1.01,-2.3,1726260694.6731272,0,1726260694.6738162,-0.8,-0.0081726260695.7100646,-0.99,-0.001,-0.006,0.021,1726260695.7093985,1.01,-2.3,1726260695.7078662,0,1726260695.7093985,-0.8,-0.0081726260696.6242359,-0.99,-0.001,-0.006,0.021,1726260696.6229398,1.01,-2.3,1726260696.6199403,0,1726260696.6209378,-0.8,-0.0081726260697.5638866,-0.99,-0.001,-0.006,0.021,1726260697.5638866,1.01,-2.3,1726260697.5619376,0,1726260697.5628865,-0.8,-0.0081726260698.559433,-0.99,-0.001,-0.006,0.021,1726260698.5586221,1.01,-2.3,1726260698.5569475,0,1726260698.5586221,-0.8,-0.0081726260699.4914577,-0.99,-0.001,-0.006,0.021,1726260699.4901934,1.01,-2.3,1726260699.4860246,0,1726260699.4894001,-0.8,-0.0081726260700.440904,-0.99,-0.001,-0.006,0.021,1726260700.4402437,1.01,-2.3,1726260700.4388287,0,1726260700.4402437,-0.8,-0.0081726260701.357068,-0.99,-0.001,-0.006,0.021,1726260701.3557575,1.01,-2.3,1726260701.3526847,0,1726260701.3547487,-0.8,-0.0081726260702.3827198,-0.99,-0.001,-0.006,0.021,1726260702.3827198,1.01,-2.3,1726260702.381577,0,1726260702.3824618,-0.8,-0.0081726260703.285408,-0.99,-0.001,-0.006,0.021,1726260703.2847774,1.01,-2.3,1726260703.2838168,0,1726260703.2847774,-0.8,-0.0081726260704.2623873,-0.99,-0.001,-0.006,0.021,1726260704.2621236,1.01,-2.3,1726260704.260824,0,1726260704.2614865,-0.8,-0.0081726260705.23855,-0.99,-0.001,-0.006,0.021,1726260705.2364655,1.01,-2.3,1726260705.2351682,0,1726260705.2364655,-0.8,-0.0081726260706.2908301,-0.99,-0.001,-0.006,0.021,1726260706.2898629,1.01,-2.3,1726260706.286038,0,1726260706.2879837,-0.8,-0.0081726260707.210289,-0.99,-0.001,-0.006,0.021,1726260707.210289,1.01,-2.3,1726260707.2086575,0,1726260707.2096384,-0.8,-0.0081726260708.1189847,-0.99,-0.001,-0.006,0.021,1726260708.1187186,1.01,-2.3,1726260708.1175551,0,1726260708.118097,-0.8,-0.0081726260709.0656826,-0.99,-0.001,-0.006,0.021,1726260709.0656826,1.01,-2.3,1726260709.0637767,0,1726260709.0649967,-0.8,-0.0081726260709.9927223,-0.99,-0.001,-0.006,0.021,1726260709.9920833,1.01,-2.3,1726260709.989482,0,1726260709.9906864,-0.8,-0.0081726260710.9612026,-0.99,-0.001,-0.006,0.021,1726260710.9605906,1.01,-2.3,1726260710.9593654,0,1726260710.9605906,-0.8,-0.0081726260711.8737562,-0.99,-0.001,-0.006,0.021,1726260711.8730783,1.01,-2.3,1726260711.8700597,0,1726260711.872081,-0.8,-0.0081726260712.7736042,-0.99,-0.001,-0.006,0.021,1726260712.7736042,1.01,-2.3,1726260712.7700272,0,1726260712.7730267,-0.8,-0.0081726260713.6931958,-0.99,-0.001,-0.006,0.021,1726260713.6926768,1.01,-2.3,1726260713.6898494,0,1726260713.6915755,-0.8,-0.0081726260714.677119,-0.99,-0.001,-0.006,0.021,1726260714.677119,1.01,-2.3,1726260714.6757238,0,1726260714.6768522,-0.8,-0.0081726260715.6351721,-0.99,-0.001,-0.006,0.021,1726260715.6351721,1.01,-2.3,1726260715.6336045,0,1726260715.6348987,-0.8,-0.0081726260716.5911803,-0.99,-0.001,-0.006,0.021,1726260716.5898275,1.01,-2.3,1726260716.5863428,0,1726260716.5887706,-0.8,-0.0081726260717.561368,-0.99,-0.001,-0.006,0.021,1726260717.5610828,1.01,-2.3,1726260717.559172,0,1726260717.5599902,-0.8,-0.0081726260718.5251992,-0.99,-0.001,-0.006,0.021,1726260718.5241868,1.01,-2.3,1726260718.5211945,0,1726260718.5241868,-0.8,-0.0081726260719.5264783,-0.99,-0.001,-0.006,0.021,1726260719.5264783,1.01,-2.3,1726260719.5251467,0,1726260719.5264783,-0.8,-0.0081726260720.4991596,-0.99,-0.001,-0.006,0.021,1726260720.4991596,1.01,-2.3,1726260720.4980893,0,1726260720.4991596,-0.8,-0.0081726260721.4202664,-0.99,-0.001,-0.006,0.021,1726260721.419766,1.01,-2.3,1726260721.4183667,0,1726260721.4194863,-0.8,-0.0081726260722.5253587,-0.99,-0.001,-0.006,0.021,1726260722.5244663,1.01,-2.3,1726260722.5200076,0,1726260722.5230784,-0.8,-0.0081726260723.5095203,-0.99,-0.001,-0.006,0.021,1726260723.5087645,1.01,-2.3,1726260723.5071259,0,1726260723.5082693,-0.8,-0.0081726260724.4365401,-0.99,-0.001,-0.006,0.021,1726260724.4365401,1.01,-2.3,1726260724.435098,0,1726260724.4359396,-0.8,-0.0081726260725.4155498,-0.99,-0.001,-0.006,0.021,1726260725.4148555,1.01,-2.3,1726260725.4140933,0,1726260725.4148555,-0.8,-0.0081726260726.3665013,-0.99,-0.001,-0.006,0.021,1726260726.3665013,1.01,-2.3,1726260726.3649561,0,1726260726.365761,-0.8,-0.0081726260727.359188,-0.99,-0.001,-0.006,0.021,1726260727.359188,1.01,-2.3,1726260727.356113,0,1726260727.3578596,-0.8,-0.0081726260728.3026764,-0.99,-0.001,-0.006,0.021,1726260728.302404,1.01,-2.3,1726260728.3014061,0,1726260728.3017168,-0.8,-0.0081726260729.2428834,-0.99,-0.001,-0.006,0.021,1726260729.24215,1.01,-2.3,1726260729.2383525,0,1726260729.2407272,-0.8,-0.0081726260730.21856,-0.99,-0.001,-0.006,0.021,1726260730.2183182,1.01,-2.3,1726260730.2166202,0,1726260730.2177181,-0.8,-0.0081726260731.127015,-0.99,-0.001,-0.006,0.021,1726260731.1260235,1.01,-2.3,1726260731.1240497,0,1726260731.1250148,-0.8,-0.0081726260732.107873,-0.99,-0.001,-0.006,0.021,1726260732.1075711,1.01,-2.3,1726260732.1048539,0,1726260732.1072462,-0.8,-0.0081726260733.0922647,-0.99,-0.001,-0.006,0.021,1726260733.0910442,1.01,-2.3,1726260733.087321,0,1726260733.0899594,-0.8,-0.0081726260734.0994432,-0.99,-0.001,-0.006,0.021,1726260734.098428,1.01,-2.3,1726260734.0967126,0,1726260734.098428,-0.8,-0.0081726260735.0093749,-0.99,-0.001,-0.006,0.021,1726260735.0093749,1.01,-2.3,1726260735.007562,0,1726260735.0092053,-0.8,-0.0081726260735.9249156,-0.99,-0.001,-0.006,0.021,1726260735.924474,1.01,-2.3,1726260735.9196806,0,1726260735.9234493,-0.8,-0.0081726260736.8341618,-0.99,-0.001,-0.006,0.021,1726260736.83387,1.01,-2.3,1726260736.8329334,0,1726260736.8332393,-0.8,-0.0081726260737.7907524,-0.99,-0.001,-0.006,0.021,1726260737.7887864,1.01,-2.3,1726260737.7858124,0,1726260737.7877595,-0.8,-0.0081726260738.8363457,-0.99,-0.001,-0.006,0.021,1726260738.836133,1.01,-2.3,1726260738.8344026,0,1726260738.8358428,-0.8,-0.0081726260739.7429323,-0.99,-0.001,-0.006,0.021,1726260739.7429323,1.01,-2.3,1726260739.7419431,0,1726260739.7429323,-0.8,-0.0081726260740.6633234,-0.99,-0.001,-0.006,0.021,1726260740.6633234,1.01,-2.3,1726260740.66154,0,1726260740.6630454,-0.8,-0.0081726260741.6114252,-0.99,-0.001,-0.006,0.021,1726260741.6114252,1.01,-2.3,1726260741.609742,0,1726260741.6104138,-0.8,-0.0081726260742.527041,-0.99,-0.001,-0.006,0.021,1726260742.527041,1.01,-2.3,1726260742.524896,0,1726260742.5260978,-0.8,-0.0081726260743.4578328,-0.99,-0.001,-0.006,0.021,1726260743.4574108,1.01,-2.3,1726260743.4537425,0,1726260743.4564276,-0.8,-0.0081726260744.376306,-0.99,-0.001,-0.006,0.021,1726260744.3760462,1.01,-2.3,1726260744.3744063,0,1726260744.375415,-0.8,-0.0081726260745.3949165,-0.99,-0.001,-0.006,0.021,1726260745.3949165,1.01,-2.3,1726260745.3931696,0,1726260745.3942802,-0.8,-0.0081726260746.3599145,-0.99,-0.001,-0.006,0.021,1726260746.359,1.01,-2.3,1726260746.3569682,0,1726260746.359,-0.8,-0.0081726260747.2841456,-0.99,-0.001,-0.006,0.021,1726260747.2835484,1.01,-2.3,1726260747.2821882,0,1726260747.2835484,-0.8,-0.0081726260748.1915395,-0.99,-0.001,-0.006,0.021,1726260748.190546,1.01,-2.3,1726260748.18658,0,1726260748.1895444,-0.8,-0.0081726260749.0997698,-0.99,-0.001,-0.006,0.021,1726260749.0997698,1.01,-2.3,1726260749.0982153,0,1726260749.0991135,-0.8,-0.0081726260750.1860406,-0.99,-0.001,-0.006,0.021,1726260750.185335,1.01,-2.3,1726260750.182665,0,1726260750.1842525,-0.8,-0.0081726260751.1044216,-0.99,-0.001,-0.006,0.021,1726260751.1044216,1.01,-2.3,1726260751.1024175,0,1726260751.1033854,-0.8,-0.0081726260752.0442653,-0.99,-0.001,-0.006,0.021,1726260752.0442653,1.01,-2.3,1726260752.0424595,0,1726260752.0433013,-0.8,-0.0081726260752.947606,-0.99,-0.001,-0.006,0.021,1726260752.947261,1.01,-2.3,1726260752.9459245,0,1726260752.9469793,-0.8,-0.0081726260753.8899436,-0.99,-0.001,-0.006,0.021,1726260753.887931,1.01,-2.3,1726260753.8861866,0,1726260753.8868978,-0.8,-0.0081726260754.83638,-0.99,-0.001,-0.006,0.021,1726260754.8353493,1.01,-2.3,1726260754.8333716,0,1726260754.8353493,-0.8,-0.0081726260755.8002763,-0.99,-0.001,-0.006,0.021,1726260755.8002763,1.01,-2.3,1726260755.7991238,0,1726260755.8000085,-0.8,-0.0081726260756.7202775,-0.99,-0.001,-0.006,0.021,1726260756.7202775,1.01,-2.3,1726260756.7193573,0,1726260756.7199373,-0.8,-0.0081726260757.6288767,-0.99,-0.001,-0.006,0.021,1726260757.627844,1.01,-2.3,1726260757.626316,0,1726260757.627844,-0.8,-0.0081726260758.5504525,-0.99,-0.001,-0.006,0.021,1726260758.5504525,1.01,-2.3,1726260758.5483336,0,1726260758.5496051,-0.8,-0.0081726260759.4580886,-0.99,-0.001,-0.006,0.021,1726260759.4580886,1.01,-2.3,1726260759.4550805,0,1726260759.457078,-0.8,-0.0081726260760.4359071,-0.99,-0.001,-0.006,0.021,1726260760.4356034,1.01,-2.3,1726260760.4347055,0,1726260760.4350073,-0.8,-0.0081726260761.368725,-0.99,-0.001,-0.006,0.021,1726260761.3683589,1.01,-2.3,1726260761.3667152,0,1726260761.3677595,-0.8,-0.0081726260762.2869253,-0.99,-0.001,-0.006,0.021,1726260762.2869253,1.01,-2.3,1726260762.2859533,0,1726260762.286683,-0.8,-0.0081726260763.192186,-0.99,-0.001,-0.006,0.021,1726260763.192186,1.01,-2.3,1726260763.1897779,0,1726260763.1917825,-0.8,-0.0081726260764.1749935,-0.99,-0.001,-0.006,0.021,1726260764.1749935,1.01,-2.3,1726260764.1729999,0,1726260764.174014,-0.8,-0.0081726260765.1256094,-0.99,-0.001,-0.006,0.021,1726260765.1246989,1.01,-2.3,1726260765.1207044,0,1726260765.1236908,-0.8,-0.0081726260766.0449781,-0.99,-0.001,-0.006,0.021,1726260766.0449781,1.01,-2.3,1726260766.042944,0,1726260766.0439725,-0.8,-0.0081726260766.9797826,-0.99,-0.001,-0.006,0.021,1726260766.9795113,1.01,-2.3,1726260766.9784646,0,1726260766.9788942,-0.8,-0.0081726260767.885964,-0.99,-0.001,-0.006,0.021,1726260767.8855631,1.01,-2.3,1726260767.8827655,0,1726260767.8849525,-0.8,-0.0081726260768.9083576,-0.99,-0.001,-0.006,0.021,1726260768.9083576,1.01,-2.3,1726260768.9065363,0,1726260768.9074929,-0.8,-0.0081726260769.809434,-0.99,-0.001,-0.006,0.021,1726260769.80875,1.01,-2.3,1726260769.8072836,0,1726260769.80875,-0.8,-0.0081726260770.7310674,-0.99,-0.001,-0.006,0.021,1726260770.730806,1.01,-2.3,1726260770.728978,0,1726260770.729663,-0.8,-0.0081726260771.6499915,-0.99,-0.001,-0.006,0.021,1726260771.6493812,1.01,-2.3,1726260771.648279,0,1726260771.6493812,-0.8,-0.0081726260772.5594962,-0.99,-0.001,-0.006,0.021,1726260772.5594962,1.01,-2.3,1726260772.5580435,0,1726260772.558913,-0.8,-0.0081726260773.468529,-0.99,-0.001,-0.006,0.021,1726260773.4682672,1.01,-2.3,1726260773.4665923,0,1726260773.4677005,-0.8,-0.0081726260774.4781022,-0.99,-0.001,-0.006,0.021,1726260774.4781022,1.01,-2.3,1726260774.4769168,0,1726260774.477798,-0.8,-0.0081726260775.3885593,-0.99,-0.001,-0.006,0.021,1726260775.387562,1.01,-2.3,1726260775.385638,0,1726260775.387562,-0.8,-0.0081726260776.4447918,-0.99,-0.001,-0.006,0.021,1726260776.4445312,1.01,-2.3,1726260776.4431837,0,1726260776.4439132,-0.8,-0.0081726260777.414738,-0.99,-0.001,-0.006,0.021,1726260777.414738,1.01,-2.3,1726260777.4132328,0,1726260777.413694,-0.8,-0.0081726264225.87608,-0.99,-0.001,-0.006,0.021,1726264225.875025,1.01,-2.3,1726264225.8725848,0,1726264225.875025,-0.8,-0.0081726264226.895522,-0.99,-0.001,-0.006,0.021,1726264226.895249,1.01,-2.3,1726264226.8937738,0,1726264226.8946314,-0.8,-0.0081726264227.9584692,-0.99,-0.001,-0.006,0.021,1726264227.9574652,1.01,-2.3,1726264227.9535582,0,1726264227.9565077,-0.8,-0.0081726264228.8786519,-0.99,-0.001,-0.006,0.021,1726264228.8786519,1.01,-2.3,1726264228.8768077,0,1726264228.877949,-0.8,-0.0081726264230.0086465,-0.99,-0.001,-0.006,0.021,1726264230.0074768,1.01,-2.3,1726264230.003478,0,1726264230.0074768,-0.8,-0.0081726264231.2029643,-0.99,-0.001,-0.006,0.021,1726264231.2019992,1.01,-2.3,1726264231.1989634,0,1726264231.200962,-0.8,-0.0081726264232.2409441,-0.99,-0.001,-0.006,0.021,1726264232.2406979,1.01,-2.3,1726264232.2367072,0,1726264232.2397008,-0.8,-0.0081726264233.3362122,-0.99,-0.001,-0.006,0.021,1726264233.3352947,1.01,-2.3,1726264233.333884,0,1726264233.3352947,-0.8,-0.0081726264234.3505538,-0.99,-0.001,-0.006,0.021,1726264234.3495731,1.01,-2.3,1726264234.3471777,0,1726264234.3495731,-0.8,-0.0081726264235.2797992,-0.99,-0.001,-0.006,0.021,1726264235.2797992,1.01,-2.3,1726264235.2786725,0,1726264235.2791533,-0.8,-0.0081726264236.4089603,-0.99,-0.001,-0.006,0.021,1726264236.4089603,1.01,-2.3,1726264236.4067583,0,1726264236.4078097,-0.8,-0.0081726264237.4670172,-0.99,-0.001,-0.006,0.021,1726264237.465969,1.01,-2.3,1726264237.4636462,0,1726264237.465969,-0.8,-0.0081726264238.4973214,-0.99,-0.001,-0.006,0.021,1726264238.4963481,1.01,-2.3,1726264238.4953206,0,1726264238.4963481,-0.8,-0.0081726264239.4367108,-0.99,-0.001,-0.006,0.021,1726264239.4367108,1.01,-2.3,1726264239.4346833,0,1726264239.4357057,-0.8,-0.0081726264240.457311,-0.99,-0.001,-0.006,0.021,1726264240.456825,1.01,-2.3,1726264240.4526167,0,1726264240.4563153,-0.8,-0.0081726264241.395,-0.99,-0.001,-0.006,0.021,1726264241.394045,1.01,-2.3,1726264241.3922486,0,1726264241.394045,-0.8,-0.0081726264242.3637023,-0.99,-0.001,-0.006,0.021,1726264242.3634422,1.01,-2.3,1726264242.361716,0,1726264242.362838,-0.8,-0.0081726264243.4238317,-0.99,-0.001,-0.006,0.021,1726264243.4238317,1.01,-2.3,1726264243.4198349,0,1726264243.422856,-0.8,-0.0081726264244.4389224,-0.99,-0.001,-0.006,0.021,1726264244.437995,1.01,-2.3,1726264244.4349399,0,1726264244.4369223,-0.8,-0.0081726264245.394512,-0.99,-0.001,-0.006,0.021,1726264245.394512,1.01,-2.3,1726264245.3928893,0,1726264245.3934946,-0.8,-0.0081726264246.3069158,-0.99,-0.001,-0.006,0.021,1726264246.3063126,1.01,-2.3,1726264246.3056445,0,1726264246.3063126,-0.8,-0.0081726264247.2517712,-0.99,-0.001,-0.006,0.021,1726264247.2503295,1.01,-2.3,1726264247.2483745,0,1726264247.250174,-0.8,-0.0081726264248.165949,-0.99,-0.001,-0.006,0.021,1726264248.1656768,1.01,-2.3,1726264248.1645396,0,1726264248.1650238,-0.8,-0.0081726264249.1191616,-0.99,-0.001,-0.006,0.021,1726264249.1186743,1.01,-2.3,1726264249.1158774,0,1726264249.1179855,-0.8,-0.0081726264250.1120045,-0.99,-0.001,-0.006,0.021,1726264250.1120045,1.01,-2.3,1726264250.1100125,0,1726264250.110979,-0.8,-0.0081726264251.0492032,-0.99,-0.001,-0.006,0.021,1726264251.0486026,1.01,-2.3,1726264251.04734,0,1726264251.0486026,-0.8,-0.0081726264252.2136028,-0.99,-0.001,-0.006,0.021,1726264252.2133431,1.01,-2.3,1726264252.2120063,0,1726264252.2126956,-0.8,-0.0081726264253.1518257,-0.99,-0.001,-0.006,0.021,1726264253.1511724,1.01,-2.3,1726264253.1496608,0,1726264253.1511724,-0.8,-0.0081726264254.0577552,-0.99,-0.001,-0.006,0.021,1726264254.0567453,1.01,-2.3,1726264254.0537426,0,1726264254.0567453,-0.8,-0.0081726264255.1258676,-0.99,-0.001,-0.006,0.021,1726264255.1247616,1.01,-2.3,1726264255.1197677,0,1726264255.1237829,-0.8,-0.0081726264256.0476198,-0.99,-0.001,-0.006,0.021,1726264256.0476198,1.01,-2.3,1726264256.0459034,0,1726264256.047352,-0.8,-0.0081726264257.0112634,-0.99,-0.001,-0.006,0.021,1726264257.0105443,1.01,-2.3,1726264257.0090153,0,1726264257.0105443,-0.8,-0.0081726264257.9839835,-0.99,-0.001,-0.006,0.021,1726264257.9830036,1.01,-2.3,1726264257.9802868,0,1726264257.9812875,-0.8,-0.0081726264258.9125383,-0.99,-0.001,-0.006,0.021,1726264258.9116397,1.01,-2.3,1726264258.9096203,0,1726264258.9105372,-0.8,-0.0081726264259.842912,-0.99,-0.001,-0.006,0.021,1726264259.84185,1.01,-2.3,1726264259.8407483,0,1726264259.84185,-0.8,-0.0081726264260.899243,-0.99,-0.001,-0.006,0.021,1726264260.899243,1.01,-2.3,1726264260.8972132,0,1726264260.8982232,-0.8,-0.0081726264262.0421455,-0.99,-0.001,-0.006,0.021,1726264262.0421455,1.01,-2.3,1726264262.0409226,0,1726264262.0414076,-0.8,-0.0081726264263.0386596,-0.99,-0.001,-0.006,0.021,1726264263.0363767,1.01,-2.3,1726264263.0352762,0,1726264263.0363767,-0.8,-0.0081726264264.010791,-0.99,-0.001,-0.006,0.021,1726264264.010791,1.01,-2.3,1726264264.0090344,0,1726264264.009623,-0.8,-0.0081726264265.1098418,-0.99,-0.001,-0.006,0.021,1726264265.1088428,1.01,-2.3,1726264265.1048405,0,1726264265.1078372,-0.8,-0.0081726264266.133676,-0.99,-0.001,-0.006,0.021,1726264266.132593,1.01,-2.3,1726264266.130611,0,1726264266.1315913,-0.8,-0.0081726264268.0068662,-0.99,-0.001,-0.006,0.021,1726264268.0058525,1.01,-2.3,1726264268.0027556,0,1726264268.004861,-0.8,-0.0081726264268.9828758,-0.99,-0.001,-0.006,0.021,1726264268.9827173,1.01,-2.3,1726264268.9790282,0,1726264268.9819596,-0.8,-0.0081726264270.0521305,-0.99,-0.001,-0.006,0.021,1726264270.0511262,1.01,-2.3,1726264270.050128,0,1726264270.0511262,-0.8,-0.0081726264271.0666797,-0.99,-0.001,-0.006,0.021,1726264271.0656703,1.01,-2.3,1726264271.064701,0,1726264271.0656703,-0.8,-0.0081726264271.9658115,-0.99,-0.001,-0.006,0.021,1726264271.965547,1.01,-2.3,1726264271.964263,0,1726264271.9648874,-0.8,-0.0081726264272.9250596,-0.99,-0.001,-0.006,0.021,1726264272.9244218,1.01,-2.3,1726264272.922637,0,1726264272.9231849,-0.8,-0.0081726264273.848802,-0.99,-0.001,-0.006,0.021,1726264273.8485193,1.01,-2.3,1726264273.8471975,0,1726264273.8478885,-0.8,-0.0081726264274.773092,-0.99,-0.001,-0.006,0.021,1726264274.773092,1.01,-2.3,1726264274.7691188,0,1726264274.7721229,-0.8,-0.0081726264275.6908615,-0.99,-0.001,-0.006,0.021,1726264275.6900928,1.01,-2.3,1726264275.6860974,0,1726264275.689168,-0.8,-0.0081726264276.698734,-0.99,-0.001,-0.006,0.021,1726264276.698734,1.01,-2.3,1726264276.697341,0,1726264276.6980343,-0.8,-0.0081726264277.6753416,-0.99,-0.001,-0.006,0.021,1726264277.674332,1.01,-2.3,1726264277.6733935,0,1726264277.674332,-0.8,-0.0081726264278.6508799,-0.99,-0.001,-0.006,0.021,1726264278.650311,1.01,-2.3,1726264278.649323,0,1726264278.650311,-0.8,-0.0081726264279.5996554,-0.99,-0.001,-0.006,0.021,1726264279.5996554,1.01,-2.3,1726264279.5973825,0,1726264279.598704,-0.8,-0.0081726264280.6118577,-0.99,-0.001,-0.006,0.021,1726264280.611302,1.01,-2.3,1726264280.609674,0,1726264280.6101074,-0.8,-0.0081726264281.5263135,-0.99,-0.001,-0.006,0.021,1726264281.5263135,1.01,-2.3,1726264281.5240257,0,1726264281.525423,-0.8,-0.0081726264282.4498754,-0.99,-0.001,-0.006,0.021,1726264282.4489183,1.01,-2.3,1726264282.4478922,0,1726264282.4489183,-0.8,-0.0081726264283.3574677,-0.99,-0.001,-0.006,0.021,1726264283.3565893,1.01,-2.3,1726264283.352339,0,1726264283.35427,-0.8,-0.0081726264284.2679675,-0.99,-0.001,-0.006,0.021,1726264284.2679675,1.01,-2.3,1726264284.266284,0,1726264284.26711,-0.8,-0.0081726264285.4464705,-0.99,-0.001,-0.006,0.021,1726264285.4453168,1.01,-2.3,1726264285.4433966,0,1726264285.4443913,-0.8,-0.0081726264286.409512,-0.99,-0.001,-0.006,0.021,1726264286.4084878,1.01,-2.3,1726264286.4067676,0,1726264286.4084878,-0.8,-0.0081726264287.406815,-0.99,-0.001,-0.006,0.021,1726264287.406815,1.01,-2.3,1726264287.40582,0,1726264287.406815,-0.8,-0.0081726264288.6269758,-0.99,-0.001,-0.006,0.021,1726264288.6269758,1.01,-2.3,1726264288.6259837,0,1726264288.6269758,-0.8,-0.0081726264289.7278318,-0.99,-0.001,-0.006,0.021,1726264289.7267766,1.01,-2.3,1726264289.7250528,0,1726264289.7267766,-0.8,-0.0081726264290.7453904,-0.99,-0.001,-0.006,0.021,1726264290.7453904,1.01,-2.3,1726264290.743394,0,1726264290.7443955,-0.8,-0.0081726264291.7876344,-0.99,-0.001,-0.006,0.021,1726264291.7866364,1.01,-2.3,1726264291.785642,0,1726264291.7866364,-0.8,-0.0081726264292.8072352,-0.99,-0.001,-0.006,0.021,1726264292.806235,1.01,-2.3,1726264292.80222,0,1726264292.8052654,-0.8,-0.0081726264293.8296719,-0.99,-0.001,-0.006,0.021,1726264293.8296719,1.01,-2.3,1726264293.827681,0,1726264293.828669,-0.8,-0.0081726264294.843165,-0.99,-0.001,-0.006,0.021,1726264294.8426118,1.01,-2.3,1726264294.8411107,0,1726264294.8426118,-0.8,-0.0081726264295.817518,-0.99,-0.001,-0.006,0.021,1726264295.8170183,1.01,-2.3,1726264295.8156102,0,1726264295.8162782,-0.8,-0.0081726264296.7532399,-0.99,-0.001,-0.006,0.021,1726264296.7532399,1.01,-2.3,1726264296.7517629,0,1726264296.7529547,-0.8,-0.0081726264297.6675694,-0.99,-0.001,-0.006,0.021,1726264297.6670663,1.01,-2.3,1726264297.66613,0,1726264297.6664367,-0.8,-0.0081726264298.7088625,-0.99,-0.001,-0.006,0.021,1726264298.7078443,1.01,-2.3,1726264298.7058425,0,1726264298.7068443,-0.8,-0.0081726264299.6876826,-0.99,-0.001,-0.006,0.021,1726264299.6876826,1.01,-2.3,1726264299.6856499,0,1726264299.6867313,-0.8,-0.0081726264300.6621568,-0.99,-0.001,-0.006,0.021,1726264300.6612568,1.01,-2.3,1726264300.6592588,0,1726264300.6612568,-0.8,-0.0081726264301.5771139,-0.99,-0.001,-0.006,0.021,1726264301.5768425,1.01,-2.3,1726264301.5751667,0,1726264301.5762503,-0.8,-0.0081726264302.5008678,-0.99,-0.001,-0.006,0.021,1726264302.5000753,1.01,-2.3,1726264302.4987426,0,1726264302.5000753,-0.8,-0.0081726264303.4022114,-0.99,-0.001,-0.006,0.021,1726264303.4022114,1.01,-2.3,1726264303.4011736,0,1726264303.4019444,-0.8,-0.0081726264304.3524961,-0.99,-0.001,-0.006,0.021,1726264304.3524961,1.01,-2.3,1726264304.3494787,0,1726264304.3512456,-0.8,-0.0081726264305.3022187,-0.99,-0.001,-0.006,0.021,1726264305.301922,1.01,-2.3,1726264305.3008118,0,1726264305.3013213,-0.8,-0.0081726264306.2981336,-0.99,-0.001,-0.006,0.021,1726264306.2978716,1.01,-2.3,1726264306.2968976,0,1726264306.297586,-0.8,-0.0081726264307.2133105,-0.99,-0.001,-0.006,0.021,1726264307.2126064,1.01,-2.3,1726264307.2119086,0,1726264307.2126064,-0.8,-0.0081726264308.188262,-0.99,-0.001,-0.006,0.021,1726264308.1866753,1.01,-2.3,1726264308.1854172,0,1726264308.1866753,-0.8,-0.0081726264309.2440054,-0.99,-0.001,-0.006,0.021,1726264309.2440054,1.01,-2.3,1726264309.242159,0,1726264309.2437842,-0.8,-0.0081726264310.2083693,-0.99,-0.001,-0.006,0.021,1726264310.2080636,1.01,-2.3,1726264310.2069228,0,1726264310.207476,-0.8,-0.0081726264311.1356332,-0.99,-0.001,-0.006,0.021,1726264311.135337,1.01,-2.3,1726264311.1342354,0,1726264311.1347415,-0.8,-0.0081726264312.074251,-0.99,-0.001,-0.006,0.021,1726264312.073254,1.01,-2.3,1726264312.069246,0,1726264312.0712461,-0.8,-0.0081726264312.9860814,-0.99,-0.001,-0.006,0.021,1726264312.9860814,1.01,-2.3,1726264312.9843435,0,1726264312.9850593,-0.8,-0.0081726264313.891289,-0.99,-0.001,-0.006,0.021,1726264313.8906202,1.01,-2.3,1726264313.8886805,0,1726264313.8906202,-0.8,-0.0081726264314.9201584,-0.99,-0.001,-0.006,0.021,1726264314.9199288,1.01,-2.3,1726264314.9188452,0,1726264314.9196513,-0.8,-0.0081726264315.8866806,-0.99,-0.001,-0.006,0.021,1726264315.8866806,1.01,-2.3,1726264315.8850787,0,1726264315.8864074,-0.8,-0.0081726264316.8104925,-0.99,-0.001,-0.006,0.021,1726264316.8102148,1.01,-2.3,1726264316.8085868,0,1726264316.8096159,-0.8,-0.0081726264317.7253149,-0.99,-0.001,-0.006,0.021,1726264317.724655,1.01,-2.3,1726264317.7216842,0,1726264317.7237267,-0.8,-0.0081726264318.6218388,-0.99,-0.001,-0.006,0.021,1726264318.6206853,1.01,-2.3,1726264318.6178985,0,1726264318.620036,-0.8,-0.0081726264319.5425801,-0.99,-0.001,-0.006,0.021,1726264319.5425801,1.01,-2.3,1726264319.540815,0,1726264319.5419703,-0.8,-0.0081726264320.4999473,-0.99,-0.001,-0.006,0.021,1726264320.4996843,1.01,-2.3,1726264320.498583,0,1726264320.4990013,-0.8,-0.0081726264321.4415836,-0.99,-0.001,-0.006,0.021,1726264321.4415836,1.01,-2.3,1726264321.440755,0,1726264321.4415836,-0.8,-0.0081726264322.425936,-0.99,-0.001,-0.006,0.021,1726264322.424737,1.01,-2.3,1726264322.4211504,0,1726264322.424737,-0.8,-0.0081726264323.3786385,-0.99,-0.001,-0.006,0.021,1726264323.3776448,1.01,-2.3,1726264323.3757188,0,1726264323.3776448,-0.8,-0.0081726264324.4691381,-0.99,-0.001,-0.006,0.021,1726264324.4691381,1.01,-2.3,1726264324.4674668,0,1726264324.4678795,-0.8,-0.0081726264325.5778267,-0.99,-0.001,-0.006,0.021,1726264325.5764008,1.01,-2.3,1726264325.574226,0,1726264325.5764008,-0.8,-0.0081726264326.567439,-0.99,-0.001,-0.006,0.021,1726264326.567439,1.01,-2.3,1726264326.5655272,0,1726264326.5664258,-0.8,-0.0081726264327.5632873,-0.99,-0.001,-0.006,0.021,1726264327.562613,1.01,-2.3,1726264327.5614345,0,1726264327.562613,-0.8,-0.0081726268467.1660476,1.01,-2.3,1726268467.1629546,0,1726268467.1650486,-0.8,-0.008,1726268467.167047,-0.99,-0.001,-0.006,0.0211726268468.1445332,1.01,-2.3,1726268468.1445332,0,1726268468.1445332,-0.8,-0.008,1726268468.1455297,-0.99,-0.001,-0.006,0.0211726268469.2120087,1.01,-2.3,1726268469.210133,0,1726268469.2114415,-0.8,-0.008,1726268469.2123044,-0.99,-0.001,-0.006,0.0211726268470.153455,1.01,-2.3,1726268470.1504462,0,1726268470.153455,-0.8,-0.008,1726268470.154439,-0.99,-0.001,-0.006,0.0211726268471.1823938,1.01,-2.3,1726268471.179785,0,1726268471.180737,-0.8,-0.008,1726268471.1837215,-0.99,-0.001,-0.006,0.0211726268472.2003803,1.01,-2.3,1726268472.1978786,0,1726268472.1989744,-0.8,-0.008,1726268472.2016299,-0.99,-0.001,-0.006,0.0211726268473.2315385,1.01,-2.3,1726268473.229266,0,1726268473.2315385,-0.8,-0.008,1726268473.2324865,-0.99,-0.001,-0.006,0.0211726268474.5225835,1.01,-2.3,1726268474.5209014,0,1726268474.5215898,-0.8,-0.008,1726268474.5225835,-0.99,-0.001,-0.006,0.0211726268475.6638284,1.01,-2.3,1726268475.6622474,0,1726268475.6627696,-0.8,-0.008,1726268475.6638284,-0.99,-0.001,-0.006,0.0211726268476.6069992,1.01,-2.3,1726268476.6057892,0,1726268476.6062837,-0.8,-0.008,1726268476.6069992,-0.99,-0.001,-0.006,0.0211726268477.698849,1.01,-2.3,1726268477.6967502,0,1726268477.6979642,-0.8,-0.008,1726268477.7002075,-0.99,-0.001,-0.006,0.0211726268478.8378441,1.01,-2.3,1726268478.8347752,0,1726268478.836774,-0.8,-0.008,1726268478.8390658,-0.99,-0.001,-0.006,0.0211726268479.7826054,1.01,-2.3,1726268479.7815654,0,1726268479.7823336,-0.8,-0.008,1726268479.7826054,-0.99,-0.001,-0.006,0.0211726268480.8878617,1.01,-2.3,1726268480.8838894,0,1726268480.8873398,-0.8,-0.008,1726268480.8878617,-0.99,-0.001,-0.006,0.0211726268481.9066641,1.01,-2.3,1726268481.9042602,0,1726268481.9053066,-0.8,-0.008,1726268481.9066641,-0.99,-0.001,-0.006,0.0211726268482.917503,1.01,-2.3,1726268482.9144754,0,1726268482.9164934,-0.8,-0.008,1726268482.9185045,-0.99,-0.001,-0.006,0.0211726268483.8329785,1.01,-2.3,1726268483.8309934,0,1726268483.832017,-0.8,-0.008,1726268483.8339844,-0.99,-0.001,-0.006,0.0211726268484.8292868,1.01,-2.3,1726268484.8258595,0,1726268484.8285422,-0.8,-0.008,1726268484.8303208,-0.99,-0.001,-0.006,0.0211726268486.4101946,1.01,-2.3,1726268486.4083202,0,1726268486.409526,-0.8,-0.008,1726268486.4101946,-0.99,-0.001,-0.006,0.0211726268487.3060708,1.01,-2.3,1726268487.3052871,0,1726268487.3060708,-0.8,-0.008,1726268487.3060708,-0.99,-0.001,-0.006,0.0211726268488.3717637,1.01,-2.3,1726268488.3668141,0,1726268488.3706362,-0.8,-0.008,1726268488.372401,-0.99,-0.001,-0.006,0.0211726268489.2700245,1.01,-2.3,1726268489.2671387,0,1726268489.2690723,-0.8,-0.008,1726268489.2710278,-0.99,-0.001,-0.006,0.0211726268490.2262092,1.01,-2.3,1726268490.224245,0,1726268490.2254646,-0.8,-0.008,1726268490.2262092,-0.99,-0.001,-0.006,0.0211726268491.232198,1.01,-2.3,1726268491.2308261,0,1726268491.232198,-0.8,-0.008,1726268491.2332578,-0.99,-0.001,-0.006,0.0211726268492.19909,1.01,-2.3,1726268492.1965935,0,1726268492.19809,-0.8,-0.008,1726268492.1994815,-0.99,-0.001,-0.006,0.0211726268493.1368003,1.01,-2.3,1726268493.1337724,0,1726268493.1357796,-0.8,-0.008,1726268493.1378028,-0.99,-0.001,-0.006,0.0211726268494.1327286,1.01,-2.3,1726268494.1309195,0,1726268494.132113,-0.8,-0.008,1726268494.1327286,-0.99,-0.001,-0.006,0.0211726268495.0538466,1.01,-2.3,1726268495.0500717,0,1726268495.0524688,-0.8,-0.008,1726268495.0544994,-0.99,-0.001,-0.006,0.0211726268495.9965146,1.01,-2.3,1726268495.9950957,0,1726268495.99623,-0.8,-0.008,1726268495.9965146,-0.99,-0.001,-0.006,0.0211726268497.0298533,1.01,-2.3,1726268497.0282154,0,1726268497.0291657,-0.8,-0.008,1726268497.0298533,-0.99,-0.001,-0.006,0.0211726268498.005133,1.01,-2.3,1726268498.0033605,0,1726268498.005133,-0.8,-0.008,1726268498.0064075,-0.99,-0.001,-0.006,0.0211726268499.0478003,1.01,-2.3,1726268499.045867,0,1726268499.04704,-0.8,-0.008,1726268499.0483232,-0.99,-0.001,-0.006,0.0211726268500.0260131,1.01,-2.3,1726268500.023391,0,1726268500.0249238,-0.8,-0.008,1726268500.0260131,-0.99,-0.001,-0.006,0.0211726268501.0303924,1.01,-2.3,1726268501.028114,0,1726268501.0293016,-0.8,-0.008,1726268501.0303924,-0.99,-0.001,-0.006,0.0211726268501.9485905,1.01,-2.3,1726268501.9468048,0,1726268501.9479523,-0.8,-0.008,1726268501.9488635,-0.99,-0.001,-0.006,0.0211726268502.9148526,1.01,-2.3,1726268502.9130642,0,1726268502.913774,-0.8,-0.008,1726268502.9158075,-0.99,-0.001,-0.006,0.0211726268503.8775532,1.01,-2.3,1726268503.8759453,0,1726268503.87653,-0.8,-0.008,1726268503.8785515,-0.99,-0.001,-0.006,0.0211726268504.8954904,1.01,-2.3,1726268504.8937294,0,1726268504.894782,-0.8,-0.008,1726268504.8957565,-0.99,-0.001,-0.006,0.0211726268505.9809694,1.01,-2.3,1726268505.9785903,0,1726268505.9803703,-0.8,-0.008,1726268505.9809694,-0.99,-0.001,-0.006,0.0211726268506.9505124,1.01,-2.3,1726268506.9492571,0,1726268506.949483,-0.8,-0.008,1726268506.952537,-0.99,-0.001,-0.006,0.0211726268507.921854,1.01,-2.3,1726268507.9168603,0,1726268507.9199169,-0.8,-0.008,1726268507.921854,-0.99,-0.001,-0.006,0.0211726268508.9368143,1.01,-2.3,1726268508.932694,0,1726268508.9347172,-0.8,-0.008,1726268508.9378903,-0.99,-0.001,-0.006,0.0211726268509.940614,1.01,-2.3,1726268509.938226,0,1726268509.939118,-0.8,-0.008,1726268509.940614,-0.99,-0.001,-0.006,0.0211726268510.9584427,1.01,-2.3,1726268510.9575427,0,1726268510.9584427,-0.8,-0.008,1726268510.959161,-0.99,-0.001,-0.006,0.0211726268511.9120135,1.01,-2.3,1726268511.9105642,0,1726268511.911274,-0.8,-0.008,1726268511.9122758,-0.99,-0.001,-0.006,0.0211726268512.9498782,1.01,-2.3,1726268512.9484253,0,1726268512.9492934,-0.8,-0.008,1726268512.9498782,-0.99,-0.001,-0.006,0.0211726268513.8631685,1.01,-2.3,1726268513.862136,0,1726268513.862136,-0.8,-0.008,1726268513.8631685,-0.99,-0.001,-0.006,0.0211726268514.7900586,1.01,-2.3,1726268514.7873275,0,1726268514.7892718,-0.8,-0.008,1726268514.7900586,-0.99,-0.001,-0.006,0.0211726268515.781352,1.01,-2.3,1726268515.7779517,0,1726268515.7804253,-0.8,-0.008,1726268515.7823813,-0.99,-0.001,-0.006,0.0211726268516.7288587,1.01,-2.3,1726268516.7272115,0,1726268516.7288587,-0.8,-0.008,1726268516.7298353,-0.99,-0.001,-0.006,0.0211726268517.6408174,1.01,-2.3,1726268517.640014,0,1726268517.6408174,-0.8,-0.008,1726268517.641603,-0.99,-0.001,-0.006,0.0211726268518.5876434,1.01,-2.3,1726268518.5835116,0,1726268518.5867038,-0.8,-0.008,1726268518.5889904,-0.99,-0.001,-0.006,0.0211726268519.5056596,1.01,-2.3,1726268519.503667,0,1726268519.5056596,-0.8,-0.008,1726268519.506691,-0.99,-0.001,-0.006,0.0211726268520.4953547,1.01,-2.3,1726268520.4936893,0,1726268520.4950871,-0.8,-0.008,1726268520.4953547,-0.99,-0.001,-0.006,0.0211726268521.4777982,1.01,-2.3,1726268521.476801,0,1726268521.4777982,-0.8,-0.008,1726268521.4787998,-0.99,-0.001,-0.006,0.0211726268522.3924346,1.01,-2.3,1726268522.3904939,0,1726268522.3924346,-0.8,-0.008,1726268522.3936381,-0.99,-0.001,-0.006,0.0211726268523.3538306,1.01,-2.3,1726268523.3498023,0,1726268523.35191,-0.8,-0.008,1726268523.3538306,-0.99,-0.001,-0.006,0.0211726268524.32925,1.01,-2.3,1726268524.3272538,0,1726268524.3281052,-0.8,-0.008,1726268524.32925,-0.99,-0.001,-0.006,0.0211726268525.2401175,1.01,-2.3,1726268525.2380054,0,1726268525.2395093,-0.8,-0.008,1726268525.2401175,-0.99,-0.001,-0.006,0.0211726268526.2808952,1.01,-2.3,1726268526.278931,0,1726268526.279876,-0.8,-0.008,1726268526.2808952,-0.99,-0.001,-0.006,0.0211726268527.5111358,1.01,-2.3,1726268527.5091348,0,1726268527.5111358,-0.8,-0.008,1726268527.5121396,-0.99,-0.001,-0.006,0.0211726268528.471758,1.01,-2.3,1726268528.468291,0,1726268528.4706728,-0.8,-0.008,1726268528.4721801,-0.99,-0.001,-0.006,0.0211726268529.5072868,1.01,-2.3,1726268529.5052018,0,1726268529.5064244,-0.8,-0.008,1726268529.5072868,-0.99,-0.001,-0.006,0.0211726268530.5581074,1.01,-2.3,1726268530.5548408,0,1726268530.5565948,-0.8,-0.008,1726268530.5581074,-0.99,-0.001,-0.006,0.0211726268531.5783844,1.01,-2.3,1726268531.57736,0,1726268531.5783844,-0.8,-0.008,1726268531.5783844,-0.99,-0.001,-0.006,0.0211726268532.5422506,1.01,-2.3,1726268532.5410185,0,1726268532.5419772,-0.8,-0.008,1726268532.5422506,-0.99,-0.001,-0.006,0.0211726268533.5753722,1.01,-2.3,1726268533.5745149,0,1726268533.5753722,-0.8,-0.008,1726268533.5759916,-0.99,-0.001,-0.006,0.0211726268534.622989,1.01,-2.3,1726268534.6184385,0,1726268534.6226745,-0.8,-0.008,1726268534.6240327,-0.99,-0.001,-0.006,0.0211726268535.5325172,1.01,-2.3,1726268535.531439,0,1726268535.5322251,-0.8,-0.008,1726268535.5325172,-0.99,-0.001,-0.006,0.0211726268536.5559943,1.01,-2.3,1726268536.5509927,0,1726268536.5550683,-0.8,-0.008,1726268536.5564246,-0.99,-0.001,-0.006,0.0211726268537.6415339,1.01,-2.3,1726268537.639415,0,1726268537.6408951,-0.8,-0.008,1726268537.642137,-0.99,-0.001,-0.006,0.0211726268538.6156552,1.01,-2.3,1726268538.6139855,0,1726268538.615033,-0.8,-0.008,1726268538.6159332,-0.99,-0.001,-0.006,0.0211726268539.5849152,1.01,-2.3,1726268539.583376,0,1726268539.5838504,-0.8,-0.008,1726268539.5867448,-0.99,-0.001,-0.006,0.0211726268540.6366456,1.01,-2.3,1726268540.6332743,0,1726268540.6346447,-0.8,-0.008,1726268540.6376474,-0.99,-0.001,-0.006,0.0211726271172.359999,-0.99,-0.001,-0.006,0.021,1726271172.359999,1.01,-2.3,1726271172.35574,0,1726271172.3580737,-0.8,-0.0081726271173.200747,-0.99,-0.001,-0.006,0.021,1726271173.1998696,1.01,-2.3,1726271173.198806,0,1726271173.1998696,-0.8,-0.0081726271174.0607092,-0.99,-0.001,-0.006,0.021,1726271174.0596914,1.01,-2.3,1726271174.0566778,0,1726271174.0587723,-0.8,-0.0081726271175.0820487,-0.99,-0.001,-0.006,0.021,1726271175.0820487,1.01,-2.3,1726271175.080053,0,1726271175.0810483,-0.8,-0.0081726271175.9391425,-0.99,-0.001,-0.006,0.021,1726271175.9381437,1.01,-2.3,1726271175.9371657,0,1726271175.9381437,-0.8,-0.0081726271176.799048,-0.99,-0.001,-0.006,0.021,1726271176.799048,1.01,-2.3,1726271176.7971253,0,1726271176.798145,-0.8,-0.0081726271177.622404,-0.99,-0.001,-0.006,0.021,1726271177.622404,1.01,-2.3,1726271177.6203914,0,1726271177.6214137,-0.8,-0.0081726271178.419999,-0.99,-0.001,-0.006,0.021,1726271178.419999,1.01,-2.3,1726271178.417946,0,1726271178.4190388,-0.8,-0.0081726271179.2110858,-0.99,-0.001,-0.006,0.021,1726271179.2110858,1.01,-2.3,1726271179.2091293,0,1726271179.2101028,-0.8,-0.0081726271180.0791547,-0.99,-0.001,-0.006,0.021,1726271180.0781057,1.01,-2.3,1726271180.075115,0,1726271180.0781057,-0.8,-0.0081726271180.973073,-0.99,-0.001,-0.006,0.021,1726271180.9721193,1.01,-2.3,1726271180.9700723,0,1726271180.9712105,-0.8,-0.0081726271181.8037326,-0.99,-0.001,-0.006,0.021,1726271181.8027103,1.01,-2.3,1726271181.8006332,0,1726271181.8017285,-0.8,-0.0081726271182.6843152,-0.99,-0.001,-0.006,0.021,1726271182.6832805,1.01,-2.3,1726271182.6812794,0,1726271182.6832805,-0.8,-0.0081726271183.5613117,-0.99,-0.001,-0.006,0.021,1726271183.5591393,1.01,-2.3,1726271183.5557952,0,1726271183.5578163,-0.8,-0.0081726271184.415802,-0.99,-0.001,-0.006,0.021,1726271184.4148057,1.01,-2.3,1726271184.4138038,0,1726271184.4148057,-0.8,-0.0081726271185.2309635,-0.99,-0.001,-0.006,0.021,1726271185.2309635,1.01,-2.3,1726271185.2290258,0,1726271185.2299612,-0.8,-0.0081726271186.0951562,-0.99,-0.001,-0.006,0.021,1726271186.0941045,1.01,-2.3,1726271186.0911982,0,1726271186.0941045,-0.8,-0.0081726271186.9346976,-0.99,-0.001,-0.006,0.021,1726271186.9346976,1.01,-2.3,1726271186.9327002,0,1726271186.9336512,-0.8,-0.0081726271187.8521495,-0.99,-0.001,-0.006,0.021,1726271187.8511474,1.01,-2.3,1726271187.8492017,0,1726271187.8501976,-0.8,-0.0081726271188.8157952,-0.99,-0.001,-0.006,0.021,1726271188.8147779,1.01,-2.3,1726271188.8127744,0,1726271188.8147779,-0.8,-0.0081726271189.718921,-0.99,-0.001,-0.006,0.021,1726271189.7178516,1.01,-2.3,1726271189.7169087,0,1726271189.7178516,-0.8,-0.0081726271190.690364,-0.99,-0.001,-0.006,0.021,1726271190.6893942,1.01,-2.3,1726271190.6883492,0,1726271190.6893942,-0.8,-0.0081726271191.5170147,-0.99,-0.001,-0.006,0.021,1726271191.5170147,1.01,-2.3,1726271191.5146918,0,1726271191.5159924,-0.8,-0.0081726271192.4223127,-0.99,-0.001,-0.006,0.021,1726271192.421316,1.01,-2.3,1726271192.420279,0,1726271192.421316,-0.8,-0.0081726271193.263795,-0.99,-0.001,-0.006,0.021,1726271193.263795,1.01,-2.3,1726271193.2614822,0,1726271193.262773,-0.8,-0.0081726271194.0893888,-0.99,-0.001,-0.006,0.021,1726271194.0882857,1.01,-2.3,1726271194.0863512,0,1726271194.0882857,-0.8,-0.0081726271194.9398797,-0.99,-0.001,-0.006,0.021,1726271194.9398797,1.01,-2.3,1726271194.9378967,0,1726271194.9388998,-0.8,-0.0081726271195.786128,-0.99,-0.001,-0.006,0.021,1726271195.7850728,1.01,-2.3,1726271195.7830474,0,1726271195.7850728,-0.8,-0.0081726271196.6572547,-0.99,-0.001,-0.006,0.021,1726271196.6572547,1.01,-2.3,1726271196.6542823,0,1726271196.6562319,-0.8,-0.008